"Status","Start Time","Stop Time","Duration in ms","Parent Suite","Suite","Sub Suite","Test Class","Test Method","Name","Description"
"passed","Thu Sep 22 23:03:28 EDT 2022","Thu Sep 22 23:03:48 EDT 2022","20019","","Project 1","","Project 1","TC-22 Verify error message for invalid data in SignUp form","TC-22 Verify error message for invalid data in SignUp form",""
"passed","Thu Sep 22 23:04:41 EDT 2022","Thu Sep 22 23:05:00 EDT 2022","18875","","Project 1","","Project 1","TC-28 Verify Child-age dropdowns are same as number of Children selected","TC-28 Verify Child-age dropdowns are same as number of Children selected",""
"passed","Thu Sep 22 23:04:20 EDT 2022","Thu Sep 22 23:04:41 EDT 2022","20688","","Project 1","","Project 1","TC-25 Verify user can submit feedback after completing the feedback form","TC-25 Verify user can submit feedback after completing the feedback form",""
"passed","Thu Sep 22 23:04:07 EDT 2022","Thu Sep 22 23:04:20 EDT 2022","12929","","Project 1","","Project 1","TC-24 Verify error is displayed when user submits the empty feedback form","TC-24 Verify error is displayed when user submits the empty feedback form",""
"passed","Thu Sep 22 23:04:35 EDT 2022","Thu Sep 22 23:04:51 EDT 2022","16595","","Project 1","","Project 1","TC-28 Verify Child-age dropdowns are same as number of Children selected","TC-28 Verify Child-age dropdowns are same as number of Children selected",""
"passed","Thu Sep 22 23:04:02 EDT 2022","Thu Sep 22 23:04:15 EDT 2022","13103","","Project 1","","Project 1","TC-24 Verify error is displayed when user submits the empty feedback form","TC-24 Verify error is displayed when user submits the empty feedback form",""
"passed","Thu Sep 22 23:02:48 EDT 2022","Thu Sep 22 23:03:11 EDT 2022","22919","","Project 1","","Project 1","TC-18 Verify user can update number of guests on Homepage","TC-18 Verify user can update number of guests on Homepage",""
"passed","Thu Sep 22 23:02:50 EDT 2022","Thu Sep 22 23:03:15 EDT 2022","25549","","Project 1","","Project 1","TC-18 Verify user can update number of guests on Homepage","TC-18 Verify user can update number of guests on Homepage",""
"passed","Thu Sep 22 23:03:15 EDT 2022","Thu Sep 22 23:03:32 EDT 2022","16826","","Project 1","","Project 1","TC-21 Verify verification message for invalid sign in credentials","TC-21 Verify verification message for invalid sign in credentials",""
"passed","Thu Sep 22 23:03:11 EDT 2022","Thu Sep 22 23:03:28 EDT 2022","16880","","Project 1","","Project 1","TC-21 Verify verification message for invalid sign in credentials","TC-21 Verify verification message for invalid sign in credentials",""
"passed","Thu Sep 22 23:04:15 EDT 2022","Thu Sep 22 23:04:35 EDT 2022","19538","","Project 1","","Project 1","TC-25 Verify user can submit feedback after completing the feedback form","TC-25 Verify user can submit feedback after completing the feedback form",""
"passed","Thu Sep 22 23:03:48 EDT 2022","Thu Sep 22 23:04:02 EDT 2022","14140","","Project 1","","Project 1","TC-20 Verify TermsAndConditions link and PrivacyStatements link open correct page on new tab","TC-20 Verify TermsAndConditions link and PrivacyStatements link open correct page on new tab",""
"passed","Thu Sep 22 23:03:54 EDT 2022","Thu Sep 22 23:04:07 EDT 2022","13664","","Project 1","","Project 1","TC-20 Verify TermsAndConditions link and PrivacyStatements link open correct page on new tab","TC-20 Verify TermsAndConditions link and PrivacyStatements link open correct page on new tab",""
"passed","Thu Sep 22 23:03:32 EDT 2022","Thu Sep 22 23:03:54 EDT 2022","21513","","Project 1","","Project 1","TC-22 Verify error message for invalid data in SignUp form","TC-22 Verify error message for invalid data in SignUp form",""
